{"assets/images/muscle_abs.png":["assets/images/muscle_abs.png"],"assets/images/muscle_back.png":["assets/images/muscle_back.png"],"assets/images/muscle_biceps.png":["assets/images/muscle_biceps.png"],"assets/images/muscle_calves.png":["assets/images/muscle_calves.png"],"assets/images/muscle_cardio.png":["assets/images/muscle_cardio.png"],"assets/images/muscle_chest.png":["assets/images/muscle_chest.png"],"assets/images/muscle_functional.png":["assets/images/muscle_functional.png"],"assets/images/muscle_glutes.png":["assets/images/muscle_glutes.png"],"assets/images/muscle_hamstrings.png":["assets/images/muscle_hamstrings.png"],"assets/images/muscle_quadriceps.png":["assets/images/muscle_quadriceps.png"],"assets/images/muscle_shoulders.png":["assets/images/muscle_shoulders.png"],"assets/images/muscle_triceps.png":["assets/images/muscle_triceps.png"],"assets/images/splash_logo.png":["assets/images/splash_logo.png"],"assets/images/splash_logo_backup.png":["assets/images/splash_logo_backup.png"],"assets/images/splash_logo_opt.png":["assets/images/splash_logo_opt.png"],"packages/cupertino_icons/assets/CupertinoIcons.ttf":["packages/cupertino_icons/assets/CupertinoIcons.ttf"]}