{"assets/images/muscle_abs.png":["assets/images/muscle_abs.png"],"assets/images/muscle_back.png":["assets/images/muscle_back.png"],"assets/images/muscle_biceps.png":["assets/images/muscle_biceps.png"],"assets/images/muscle_calves.png":["assets/images/muscle_calves.png"],"assets/images/muscle_cardio.png":["assets/images/muscle_cardio.png"],"assets/images/muscle_chest.png":["assets/images/muscle_chest.png"],"assets/images/muscle_functional.png":["assets/images/muscle_functional.png"],"assets/images/muscle_glutes.png":["assets/images/muscle_glutes.png"],"assets/images/muscle_hamstrings.png":["assets/images/muscle_hamstrings.png"],"assets/images/muscle_quadriceps.png":["assets/images/muscle_quadriceps.png"],"assets/images/muscle_shoulders.png":["assets/images/muscle_shoulders.png"],"assets/images/muscle_triceps.png":["assets/images/muscle_triceps.png"],"assets/images/splash_logo.png":["assets/images/splash_logo.png"],"assets/images/splash_logo_backup.png":["assets/images/splash_logo_backup.png"],"assets/images/splash_logo_opt.png":["assets/images/splash_logo_opt.png"],"packages/cupertino_icons/assets/CupertinoIcons.ttf":["packages/cupertino_icons/assets/CupertinoIcons.ttf"],"web/README.md":["web/README.md"],"web/_redirects":["web/_redirects"],"web/apple-touch-icon.png":["web/apple-touch-icon.png"],"web/bem-vindo.html":["web/bem-vindo.html"],"web/browserconfig.xml":["web/browserconfig.xml"],"web/confirm.html":["web/confirm.html"],"web/favicon.png":["web/favicon.png"],"web/flutter_service_worker.js":["web/flutter_service_worker.js"],"web/force-update.html":["web/force-update.html"],"web/index.html":["web/index.html"],"web/landing.html":["web/landing.html"],"web/manifest.json":["web/manifest.json"],"web/netlify.toml":["web/netlify.toml"],"web/print-diet-v2.html":["web/print-diet-v2.html"],"web/print-evolution.html":["web/print-evolution.html"],"web/print-financial-annual.html":["web/print-financial-annual.html"],"web/print-financial-monthly.html":["web/print-financial-monthly.html"],"web/print-workout.html":["web/print-workout.html"],"web/reset-password.html":["web/reset-password.html"],"web/success_payment.html":["web/success_payment.html"]}